{"cameraMode":{"drawMode":0,"name":"Shaded","section":"Shading Mode"},"sceneLighting":true,"audioPlay":false,"sceneViewState":{"showFog":true,"showMaterialUpdate":false,"showSkybox":true,"showFlares":true,"showImageEffects":true,"showParticleSystems":true},"in2DMode":false,"pivot":{"x":-0.8077751994132996,"y":-0.5651487708091736,"z":-1.236268401145935},"rotation":{"x":-0.1942688524723053,"y":0.3883182406425476,"z":-0.08411317318677902,"w":-0.8968849778175354},"size":44.09433364868164,"orthographic":true}